Chromosome,Start,Length,ID,1010,0101,0100,0001,1000,0010,1100,0011,1110,1101,1011,0111,1001,0110
chrX,291679,1581,chr12_000005.1,2,2,0,0,0,0,0,0,0,1,0,0,0,0
chrX,351956,6968,chr12_000011.1,5,21,0,1,0,0,0,0,0,2,0,0,0,0
chrX,734654,6556,chr12_000018.1,5,11,2,3,0,1,0,0,0,0,0,0,0,0
chrX,1341713,8418,chr12_000037.1,1,7,0,2,0,0,0,0,0,0,0,0,0,0
chrX,1571710,5581,chr12_000039.1,1,7,3,2,0,3,0,0,0,1,0,0,0,0
chrX,2430282,3909,chr12_000070.1,3,8,0,2,0,1,0,2,1,0,0,0,0,0
chrX,2457925,4949,chr12_000072.1,3,12,1,4,0,1,1,0,0,0,0,1,0,0
chrX,2756173,12206,chr12_000084.1,5,21,1,4,2,2,0,1,1,0,0,0,0,0
chrX,2770621,4832,chr12_000085.1,0,3,0,4,0,0,0,0,0,0,0,0,0,0
chrX,2945541,3916,chr12_000093.1,2,4,1,2,0,1,0,0,1,0,0,0,0,0
chrX,3264716,14402,chr12_000105.1,0,0,7,26,0,3,5,3,31,0,0,0,0,0
chrX,3291608,9983,chr12_000106.1,20,28,3,12,0,1,2,3,3,0,0,1,0,0
chrX,3323283,16323,chr12_000107.1,12,22,3,7,0,1,1,0,0,0,0,0,0,0
chrX,3552296,8353,chr12_000125.1,11,16,6,8,0,2,0,2,2,0,0,0,0,0
chrX,3574778,12213,chr12_000126.1,0,0,0,16,0,0,6,21,5,0,0,0,0,0
chrX,3868561,2207,chr12_000128.1,5,3,1,3,0,0,3,1,3,0,0,0,0,0
chrX,3972802,5409,chr12_000135.1,1,13,1,8,0,2,3,0,0,2,0,0,0,0
chrX,4371124,2815,chr12_000142.1,0,0,0,0,0,0,8,15,0,0,0,0,0,0
chrX,4393178,3865,chr12_000143.1,8,16,2,3,0,1,1,0,1,0,0,0,0,0
chrX,4419461,7042,chr12_000145.1,0,23,1,3,0,0,1,1,0,0,0,0,0,0
chrX,4762101,4527,chr12_000156.1,2,7,2,4,0,3,1,2,0,0,0,0,0,0
chrX,4804797,7587,chr12_000160.1,7,13,1,10,0,0,1,3,1,0,0,0,0,0
chrX,4876779,7398,chr12_000167.1,5,19,2,4,0,0,0,0,0,0,1,1,0,0
chrX,4893718,11990,chr12_000168.1,0,14,1,1,0,1,0,1,0,0,0,1,0,0
chrX,4906633,12143,chr12_000169.1,3,24,10,2,0,0,0,6,0,0,0,0,0,0
chrX,5023748,2759,chr12_000171.1,4,5,1,3,0,0,8,5,0,1,0,0,0,0
chrX,5184833,3379,chr12_000176.1,0,4,0,0,0,1,0,3,0,0,0,1,0,0
chrX,5205752,7097,chr12_000177.1,4,35,1,1,0,3,0,0,0,0,0,1,0,0
chrX,5218571,3275,chr12_000179.1,9,13,2,4,1,3,1,2,0,1,0,0,0,0
chrX,5655529,4530,chr12_000192.1,1,0,0,2,0,0,0,0,0,0,0,0,0,0
chrX,5776789,13961,chr12_000200.1,20,27,5,8,1,1,0,1,0,0,0,1,0,0
chrX,5887992,6654,chr12_000210.1,3,12,0,1,0,1,5,4,1,1,0,0,0,0
chrX,5915064,1681,chr12_000215.1,3,13,3,4,0,0,3,3,0,0,0,0,0,0
chrX,5924774,5912,chr12_000216.1,2,5,1,1,0,0,0,0,0,0,0,0,0,0
chrX,6053000,7651,chr12_000229.1,6,7,2,4,1,0,1,2,0,0,1,0,0,0
chrX,6350185,5932,chr12_000236.1,10,7,1,9,0,1,2,1,10,0,0,1,0,0
chrX,6379050,9847,chr12_000239.1,25,24,7,8,4,1,1,1,0,0,0,2,0,0
chrX,6390750,4719,chr12_000240.1,3,14,0,8,0,3,0,1,0,0,0,0,0,0
chrX,6487462,3144,chr12_000244.1,0,1,0,3,0,0,0,1,0,0,0,0,0,0
chrX,6594800,14653,chr12_000247.1,16,25,10,10,0,1,5,0,0,0,0,0,0,0
chrX,6631743,4216,chr12_000249.1,0,4,2,1,0,0,1,0,0,0,0,0,0,0
chrX,6640600,9164,chr12_000250.1,1,10,0,5,1,2,0,0,0,0,0,1,0,0
chrX,6783748,10581,chr12_000253.1,25,27,7,16,1,3,0,0,0,0,0,1,0,0
chrX,6891088,9080,chr12_000259.1,6,11,2,2,0,2,1,0,0,0,0,1,0,0
chrX,7359852,3421,chr12_000269.1,2,2,0,1,1,0,1,0,0,0,0,0,0,0
chrX,7369491,6625,chr12_000271.1,2,4,3,6,0,0,1,3,0,1,0,0,0,0
chrX,7497140,8650,chr12_000275.1,0,5,4,7,0,1,1,0,1,3,0,0,0,0
chrX,7555145,6328,chr12_000276.1,0,0,1,3,0,0,3,6,0,0,0,0,0,0
chrX,7657981,5882,chr12_000280.1,0,0,2,5,0,0,0,3,0,0,0,1,0,0
chrX,7666923,3099,chr12_000281.1,0,0,16,8,1,1,3,3,2,1,6,2,0,0
chrX,7717656,3337,chr12_000282.1,0,0,5,6,0,0,1,3,0,0,0,0,0,0
chrX,7783644,8286,chr12_000289.1,0,2,19,14,1,0,4,16,0,0,1,2,0,0
chrX,8173130,4408,chr12_000299.1,0,0,6,7,0,1,3,4,0,1,0,1,0,0
chrX,8182292,8308,chr12_000300.1,0,0,5,9,0,1,0,0,0,0,0,0,0,0
chrX,8197574,10372,chr12_000301.1,0,0,4,11,0,0,1,3,0,0,0,3,0,0
chrX,8209370,6343,chr12_000302.1,0,0,3,5,0,0,1,1,0,0,0,0,0,0
chrX,8467166,2810,chr12_000306.1,0,0,0,2,0,0,4,0,1,0,0,0,0,0
chrX,9027383,6766,chr12_000321.1,0,0,5,7,0,0,3,3,0,0,0,0,0,0
chrX,9921487,7919,chr12_000333.1,0,0,0,7,0,1,4,6,0,1,0,0,0,0
chrX,9932286,3072,chr12_000334.1,0,0,3,3,0,0,0,0,0,0,0,0,0,0
chrX,10059586,1182,chr12_000338.1,0,0,1,4,0,0,2,3,0,0,1,0,0,0
chrX,10069580,6550,chr12_000339.1,0,0,0,1,0,0,7,4,0,0,1,1,0,0
chrX,10266554,8096,chr12_000342.1,3,11,1,2,2,1,0,0,1,0,0,0,0,0
chrX,10621796,6839,chr12_000354.1,1,12,4,4,3,2,3,1,0,2,0,0,0,0
chrX,10859709,3918,chr12_000365.1,1,3,0,3,0,1,0,0,0,0,0,0,0,0
chrX,11906302,7911,chr12_000399.1,51,13,0,5,0,0,1,0,2,0,0,0,0,0
chrX,13857149,8626,chr12_000438.1,10,24,2,10,1,0,1,0,0,0,0,0,0,0
chrX,13929819,5553,chr12_000439.1,2,13,2,2,0,2,0,0,2,0,0,0,0,0
chrX,14145656,3382,chr12_000451.1,1,0,0,0,0,0,0,0,0,0,0,0,0,0
chrX,14175246,6531,chr12_000454.1,0,2,4,0,0,0,0,0,0,0,0,0,0,0
chrX,14830816,9329,chr12_000469.1,6,17,2,4,1,2,0,0,1,0,0,0,0,0
chrX,14856095,10154,chr12_000471.1,1,13,7,7,0,1,1,0,1,0,0,0,0,0
chrX,15074962,5108,chr12_000476.1,0,10,0,9,0,2,0,2,0,1,0,0,0,0
chrX,15147385,7488,chr12_000480.1,10,11,4,11,0,2,1,1,0,0,0,0,0,0
chrX,15155572,3476,chr12_000481.1,0,2,0,2,0,0,0,0,0,0,0,0,0,0
chrX,15198016,5876,chr12_000483.1,3,9,2,3,0,0,0,0,0,0,0,0,0,0
chrX,15830480,7249,chr12_000494.1,0,7,3,4,1,1,0,0,0,0,0,0,0,0
chrX,19922916,4562,chr12_000547.1,2,22,6,5,0,5,2,2,0,0,0,0,0,0
chrX,20773290,2235,chr12_000558.1,0,0,0,0,0,0,2,2,0,0,0,0,0,0
chrX,21951730,2659,chr12_000570.1,2,7,0,0,1,0,3,3,0,0,0,0,0,0
chrX,22872189,6264,chr12_000580.1,0,12,0,0,0,2,3,12,0,0,0,0,0,0
chrX,24083085,11945,chr12_000593.1,12,29,5,2,1,0,1,1,0,0,0,0,0,0
chrX,24391147,3719,chr12_000598.1,5,4,8,2,0,0,8,13,3,0,1,0,0,0
chrX,27675217,3884,chr12_000624.1,13,5,3,6,0,0,0,2,0,0,0,0,0,0
chrX,29817636,16255,chr12_000634.1,9,18,0,5,0,0,0,0,0,0,0,0,0,0
chrX,160767505,8166,chr12_000673.1,14,12,2,2,0,0,3,2,0,0,0,0,0,0
chrX,152118320,2653,chr12_000688.1,15,24,4,2,0,0,3,0,0,0,0,0,0,0
chrX,150322789,7705,chr12_000690.1,12,11,1,5,0,1,4,0,4,0,0,1,0,0
chrX,133126659,7366,chr12_000743.1,10,4,1,1,0,0,3,1,1,0,1,0,0,0
chrX,133120890,1592,chr12_000745.1,5,9,0,5,0,0,0,2,0,0,0,0,0,0
chrX,126589304,8927,chr12_000760.1,5,11,6,1,0,0,0,0,0,0,0,0,0,0
chrX,123315748,2470,chr12_000774.1,3,9,4,3,0,0,0,0,0,0,1,0,0,0
chrX,114315658,4756,chr12_000813.1,13,18,1,1,0,0,0,0,0,0,0,0,0,0
chrX,107792441,6437,chr12_000828.1,10,5,2,5,1,0,1,2,0,1,0,0,0,0
chrX,106642397,6489,chr12_000832.1,7,5,6,3,0,0,0,2,0,0,2,0,0,0
chrX,105332498,4536,chr12_000840.1,8,4,0,0,0,0,2,0,0,0,0,0,0,0
chrX,101834792,16004,chr12_000860.1,10,11,1,3,0,0,0,0,0,0,0,0,0,0
chrX,98206110,4861,chr12_000867.1,2,15,0,2,0,0,0,0,0,0,0,0,0,0
chrX,96498368,4474,chr12_000880.1,6,4,1,6,0,0,0,0,0,0,0,0,0,0
chrX,95073118,9840,chr12_000887.1,9,10,0,5,0,0,1,0,1,0,0,0,0,0
chrX,92525214,5544,chr12_000892.1,9,9,1,0,0,0,0,1,0,0,0,0,0,0
chrX,82195883,20189,chr12_000914.1,15,17,9,3,0,1,0,0,0,0,1,0,0,0
chrX,69605689,9043,chr12_000983.1,8,9,3,5,0,5,0,1,1,1,0,0,0,0
chrX,65605937,4082,chr12_001009.1,1,11,1,2,0,0,1,0,0,0,0,0,0,0
chrX,64816491,25952,chr12_001017.1,6,4,1,3,0,0,0,0,1,0,0,0,0,0
chrX,64109700,19497,chr12_001026.1,13,7,8,12,0,0,1,7,2,0,0,0,0,0
chrX,60797852,29055,chr12_001044.1,24,36,1,21,4,2,2,2,1,0,0,0,0,0
chrX,60612967,1506,chr12_001052.1,5,12,2,2,0,0,1,0,0,0,0,0,0,0
chrX,59483584,5429,chr12_001054.1,16,12,4,7,0,1,1,3,0,0,0,1,0,0
chrX,59019608,3681,chr12_001060.1,5,10,6,5,0,1,4,1,2,0,1,0,0,0
chrX,52511462,4205,chr12_001086.1,11,25,3,2,0,0,0,0,0,0,1,0,0,0
chrX,47442303,13051,chr12_001109.1,6,24,8,14,14,0,0,1,0,0,0,2,0,0
chrX,43167304,1738,chr12_001125.1,8,8,0,2,0,1,2,3,0,0,0,0,0,0
chrX,43085051,3908,chr12_001126.1,6,11,3,4,1,1,2,0,0,0,0,0,0,0
chrX,40097629,5037,chr12_001135.1,10,12,0,6,0,1,5,1,0,0,0,0,0,0
chrX,37040248,6363,chr12_001154.1,5,17,0,0,0,0,0,0,0,0,0,0,0,0
chrX,176123313,25745,chr12_001184.1,14,22,5,7,0,0,1,1,2,0,0,0,0,0
chrX,179375024,2190,chr12_001191.1,0,3,3,3,0,0,0,4,0,0,0,0,0,0
chrX,187671100,9745,chr12_001219.1,5,8,2,2,1,0,0,0,0,0,2,0,0,0
chrX,188042717,7326,chr12_001221.1,9,23,4,5,0,0,0,1,0,0,0,0,0,0
chrX,198013799,6273,chr12_001251.1,4,6,3,4,0,1,0,0,0,0,0,0,0,0
chrX,216120322,3978,chr12_001261.1,11,9,3,7,0,0,0,0,0,0,0,0,0,0
chrX,217544649,14085,chr12_001271.1,9,11,2,2,0,0,0,0,0,0,0,0,0,0
chrX,221642678,29430,chr12_001285.1,12,25,5,7,0,0,1,1,0,0,0,0,0,0
chrX,223190579,10051,chr12_001293.1,5,9,1,1,0,0,0,2,0,0,0,0,0,0
chrX,230838098,5966,chr12_001324.1,13,9,1,2,0,0,1,0,1,0,0,0,0,0
chrX,233153176,4086,chr12_001327.1,6,12,3,6,0,1,1,0,0,0,2,1,0,0
chrX,242801834,3437,chr12_001358.1,4,2,0,3,0,0,2,1,3,0,0,0,0,0
chrX,244110837,7702,chr12_001361.1,2,8,2,1,0,1,0,0,0,0,0,0,0,0
chrX,251751150,11398,chr12_001382.1,7,14,1,5,0,0,0,0,0,0,0,0,0,0
chrX,256027879,2090,chr12_001398.1,2,3,1,5,0,0,0,1,2,0,0,0,0,0
chrX,256645397,5218,chr12_001402.1,3,7,7,4,0,0,2,2,1,0,3,0,0,0
chrX,258065218,3672,chr12_001406.1,19,16,4,6,0,0,0,0,0,0,0,0,0,0
chrX,259061600,6318,chr12_001408.1,4,4,3,0,0,0,0,0,0,0,0,0,0,0
chrX,261563266,11575,chr12_001411.1,16,23,3,8,0,0,1,0,0,0,0,0,0,0
chrX,263245007,6152,chr12_001433.1,7,16,2,6,0,0,1,1,0,0,3,0,0,0
chrX,263282144,8018,chr12_001435.1,3,1,0,3,0,0,0,0,0,0,3,0,0,0
chrX,264694658,12237,chr12_001449.1,9,14,3,6,0,0,0,4,0,0,0,0,0,0
chrX,272495612,2508,chr12_001477.1,0,0,0,6,5,1,5,1,0,2,0,1,0,0
chrX,274197297,11969,chr12_001496.1,12,17,7,8,0,0,0,0,0,0,0,0,0,0
chrX,274763286,6643,chr12_001500.1,3,6,6,1,0,0,0,0,0,0,2,0,0,0
chrX,276672441,4252,chr12_001503.1,3,7,1,2,0,0,0,1,0,0,0,0,0,0
chrX,277549816,20880,chr12_001509.1,8,13,3,6,0,0,0,0,0,0,0,0,0,0
chrX,281928757,7715,chr12_001531.1,10,10,2,2,0,2,0,1,1,0,0,0,0,0
chrX,286113316,10279,chr12_001547.1,2,11,3,9,0,0,0,0,0,0,0,0,0,0
chrX,287839504,6536,chr12_001556.1,1,2,0,4,0,1,0,0,0,0,0,0,0,0
chrX,291403900,8588,chr12_001575.1,3,20,0,6,1,3,0,0,1,0,1,0,0,0
chrX,292520387,6704,chr12_001581.1,2,6,4,2,0,1,0,0,0,1,0,0,0,0
chrX,294305539,8592,chr12_001587.1,4,4,2,6,0,0,0,0,1,0,0,0,0,0
chrX,294824466,5085,chr12_001588.1,6,12,9,7,0,2,1,3,0,1,2,0,0,0
chrX,296852679,9853,chr12_001599.1,6,3,4,6,0,0,0,1,0,0,0,0,0,0
chrX,298582459,4984,chr12_001612.1,7,9,2,5,0,1,5,1,0,0,0,0,0,0
chrX,299435049,3568,chr12_001614.1,11,14,1,4,1,1,0,1,0,0,0,0,0,0
chrX,301746861,13504,chr12_001624.1,3,3,2,3,0,0,0,0,0,0,1,0,0,0
chrX,302318759,17415,chr12_001634.1,5,5,2,8,0,0,0,0,0,0,0,0,0,0
chrX,302904118,3324,chr12_001639.1,0,6,1,1,0,1,1,0,0,1,0,0,0,0
chrX,306394380,10390,chr12_001648.1,1,3,1,6,0,0,0,0,0,0,0,0,0,0
chrX,306418302,12094,chr12_001650.1,0,1,8,0,0,0,0,2,0,0,1,0,0,0
chrX,307474239,6445,chr12_001666.1,3,1,6,9,0,0,0,0,0,0,0,0,0,0
chrX,309617782,1963,chr12_001675.1,0,3,3,2,0,1,0,0,0,0,0,0,0,0
chrX,311995130,982,chr12_001695.1,0,0,1,0,0,0,0,2,0,0,0,0,0,0
chrX,312525406,4230,chr12_001700.1,0,1,1,14,1,0,1,2,1,0,0,0,0,0
chrX,312558319,3138,chr12_001702.1,0,0,0,1,0,1,1,0,0,0,0,0,0,0
chrX,312561594,2650,chr12_001703.1,0,0,1,13,0,1,3,1,3,0,0,0,0,0
chrX,313240539,7336,chr12_001709.1,0,0,0,3,0,0,6,8,0,0,0,0,0,0
chrX,313383782,5542,chr12_001711.1,0,0,0,2,0,0,4,3,0,0,0,0,0,0
chrX,313901787,2995,chr12_001717.1,0,0,4,6,0,0,10,16,0,0,0,0,0,0
chrX,314303161,4797,chr12_001719.1,0,0,1,1,0,0,5,7,0,0,0,0,0,0
chrX,314722530,6734,chr12_001726.1,0,0,0,6,0,1,23,34,0,1,0,0,0,0
chrX,315232057,5799,chr12_001728.1,0,0,0,4,0,0,0,1,12,0,0,0,0,0
chrX,315368650,3480,chr12_001733.1,0,0,3,2,0,0,9,20,0,0,0,0,0,0
chrX,315855370,4935,chr12_001737.1,0,0,0,0,0,0,0,4,0,0,0,0,0,0
chrX,315945674,4512,chr12_001738.1,0,0,1,2,0,0,0,2,0,0,0,0,0,0
chrX,316482985,1236,chr12_001744.1,0,0,1,2,0,1,3,0,0,1,1,0,0,0
chrX,316528336,1122,chr12_001745.1,0,0,1,0,0,0,2,1,0,0,0,0,0,0
chrX,316543069,3855,chr12_001746.1,0,0,0,1,0,0,6,13,2,0,0,0,0,0
chrX,316758115,5905,chr12_001748.1,0,0,0,0,0,0,3,13,0,0,0,0,0,0
chrX,316789380,7096,chr12_001749.1,0,0,4,1,0,0,2,5,0,0,0,0,0,0
chrX,317343137,4955,chr12_001750.1,0,0,0,4,0,0,9,6,0,0,0,0,0,0
chrX,317624484,2495,chr12_001752.1,0,0,0,0,0,0,14,12,0,0,0,0,0,0
chrX,319761434,10602,chr12_001781.1,0,0,1,2,0,0,10,16,0,0,0,0,0,0
chrX,320053352,4229,chr12_001783.1,0,0,0,0,0,0,1,6,0,0,0,0,0,0
chrX,320058297,3640,chr12_001784.1,0,0,0,0,0,0,0,7,0,0,0,0,0,0
chrX,321067387,11910,chr12_001796.1,0,0,7,6,0,0,1,1,0,0,0,0,0,0
chrX,322084499,3894,chr12_001814.1,0,0,1,3,0,0,0,2,1,0,0,0,0,0
chrX,322091803,7335,chr12_001815.1,0,0,0,2,0,0,11,16,0,0,0,0,0,0
chrX,322507074,6424,chr12_001819.1,0,0,2,2,0,0,10,17,0,0,0,0,0,0
chrX,322539932,4358,chr12_001820.1,0,0,4,0,0,0,14,18,0,1,0,0,0,0
chrX,322679161,5618,chr12_001825.1,0,0,4,1,0,0,13,21,0,0,0,0,0,0
chrX,323296416,9578,chr12_001857.1,0,0,4,0,0,0,4,6,0,0,0,0,0,0
chrX,323337092,5903,chr12_001858.1,0,0,2,0,0,0,5,15,0,0,0,0,0,0
chrX,324250458,10812,chr12_001878.1,0,0,6,0,0,0,4,7,0,0,0,0,0,0
chrX,324978041,4464,chr12_001884.1,0,0,0,2,0,0,5,5,0,0,0,0,0,0
chrX,325215940,3489,chr12_001886.1,0,0,1,0,0,0,2,13,0,0,0,0,0,0
chrX,325220456,3091,chr12_001887.1,0,0,3,1,0,0,1,2,0,0,1,0,0,0
chrX,325606466,3179,chr12_001898.1,0,0,0,2,0,0,6,8,0,0,0,0,0,0
chrX,325618960,3074,chr12_001899.1,0,0,2,0,0,0,11,6,0,0,0,0,0,0
chrX,325680536,2774,chr12_001901.1,0,0,3,1,0,0,6,15,0,0,1,0,0,0
chrX,325860553,5703,chr12_001903.1,0,0,2,1,0,0,12,15,0,0,0,0,0,0
chrX,326488188,1620,chr12_001906.1,0,0,0,0,0,0,1,5,0,0,0,0,0,0
chrX,326818933,6414,chr12_001921.1,0,0,0,1,0,0,2,4,0,0,0,0,0,0
chrX,327140362,1788,chr12_001926.1,0,0,1,0,0,0,3,4,0,0,0,0,0,0
chrX,327152592,5392,chr12_001927.1,0,0,3,0,0,0,10,9,0,0,0,0,0,0
chrX,327576008,3324,chr12_001945.1,0,0,0,3,0,0,2,5,0,0,0,0,0,0
chrX,327926873,5547,chr12_001955.1,0,0,4,0,0,0,4,10,0,0,0,0,0,0
chrX,328192084,1749,chr12_001958.1,0,0,1,2,0,0,2,5,0,0,0,0,0,0
chrX,328341387,3868,chr12_001960.1,0,0,6,0,0,0,2,5,0,0,0,0,0,0
chrX,328352060,4273,chr12_001961.1,0,0,0,0,0,0,0,2,0,0,0,0,0,0
chrX,328524357,5606,chr12_001963.1,0,0,3,0,0,0,2,5,0,0,0,0,0,0
chrX,328541842,6400,chr12_001964.1,0,0,3,0,0,0,1,4,0,0,0,0,0,0
chrX,328750488,7376,chr12_001972.1,0,0,1,2,0,0,2,7,0,0,0,0,0,0
chrX,328759648,9843,chr12_001973.1,0,0,7,4,0,0,8,19,0,0,0,0,0,0
chrX,338397813,8292,chr12_002366.1,0,1,0,0,0,0,1,1,0,0,0,0,0,0
chrX,328460105,4858,chr12_003182.1,0,0,1,0,0,0,2,3,0,0,0,0,0,0
chrX,328292560,9123,chr12_003183.1,0,0,1,14,0,1,2,3,0,0,0,0,0,0
chrX,328230993,7141,chr12_003186.1,0,0,0,1,0,0,1,13,0,0,0,0,0,0
chrX,328222565,6713,chr12_003187.1,0,0,1,1,0,0,2,13,0,0,0,0,0,0
chrX,328072879,4008,chr12_003192.1,0,0,3,0,0,0,7,12,1,0,0,0,0,0
chrX,327945693,5595,chr12_003198.1,0,0,2,0,0,0,4,4,0,0,0,0,0,0
chrX,327932258,11257,chr12_003199.1,0,0,5,1,0,0,21,27,1,0,0,0,0,0
chrX,327901791,5976,chr12_003200.1,0,0,3,4,0,1,14,19,0,0,0,0,0,0
chrX,327579413,7398,chr12_003221.1,0,0,1,3,0,0,5,6,2,0,0,0,0,0
chrX,327513987,1434,chr12_003224.1,0,0,1,0,0,0,0,6,0,0,0,0,0,0
chrX,327158065,6726,chr12_003228.1,0,0,1,0,0,0,2,10,0,0,0,0,0,0
chrX,327124243,964,chr12_003230.1,0,0,0,1,0,0,2,7,0,0,0,0,0,0
chrX,327118159,5014,chr12_003231.1,0,0,1,0,0,0,5,12,0,0,0,0,0,0
chrX,327113790,3895,chr12_003232.1,0,0,0,1,0,0,1,4,0,0,0,0,0,0
chrX,326722610,9714,chr12_003239.1,0,0,2,0,0,0,12,17,0,0,0,0,0,0
chrX,325866559,2769,chr12_003245.1,0,0,0,0,0,0,7,19,0,0,0,0,0,0
chrX,325549074,14635,chr12_003251.1,0,0,8,0,0,0,19,34,0,0,0,1,0,0
chrX,324982525,3705,chr12_003258.1,0,0,0,1,0,2,9,8,0,0,0,0,0,0
chrX,324874794,4421,chr12_003259.1,0,0,0,2,0,0,1,4,0,0,0,0,0,0
chrX,324867616,4490,chr12_003260.1,0,0,0,0,0,0,0,5,0,0,0,0,0,0
chrX,324326827,3747,chr12_003269.1,0,0,0,0,0,0,3,7,0,0,0,0,0,0
chrX,323807473,849,chr12_003277.1,0,0,0,1,0,0,9,5,0,0,0,0,0,0
chrX,323306401,1951,chr12_003290.1,0,0,0,0,0,1,3,6,0,0,0,0,0,0
chrX,323038018,9425,chr12_003302.1,0,0,0,1,0,0,2,4,0,0,0,0,0,0
chrX,322973647,2810,chr12_003304.1,0,0,2,2,0,0,13,19,0,0,0,0,0,0
chrX,322492708,3484,chr12_003314.1,0,0,1,2,0,0,4,8,0,0,0,0,0,0
chrX,322106898,3376,chr12_003324.1,0,0,0,0,0,0,6,11,0,1,0,0,0,0
chrX,321290724,1802,chr12_003347.1,0,0,0,0,0,0,13,13,0,0,0,0,0,0
chrX,320209542,15609,chr12_003365.1,0,0,1,1,0,0,3,8,0,0,0,0,0,0
chrX,319286824,10231,chr12_003382.1,0,0,0,3,0,0,0,8,0,0,0,0,0,0
chrX,319095100,22033,chr12_003383.1,0,0,0,3,0,0,1,3,1,0,0,0,0,0
chrX,317699875,4108,chr12_003407.1,0,0,0,1,0,0,9,16,0,0,0,0,0,0
chrX,317227050,633,chr12_003415.1,0,0,0,0,0,0,2,3,0,0,0,0,0,0
chrX,316947256,7574,chr12_003428.1,0,0,0,5,0,0,11,10,0,0,0,0,0,0
chrX,316939876,6492,chr12_003429.1,0,0,0,0,0,0,6,10,0,0,0,0,0,0
chrX,316890489,7867,chr12_003430.1,0,0,0,1,0,0,0,0,0,0,0,0,0,0
chrX,316547382,5427,chr12_003437.1,0,0,7,2,0,0,7,28,0,0,1,0,0,0
chrX,316059836,1742,chr12_003448.1,0,0,1,1,0,0,6,9,0,0,0,0,0,0
chrX,315951457,12931,chr12_003449.1,0,0,5,3,0,0,3,6,0,0,0,0,0,0
chrX,315564071,4077,chr12_003452.1,0,0,0,8,0,0,10,6,0,0,0,0,0,0
chrX,313905323,7391,chr12_003480.1,0,0,1,1,0,0,6,10,0,0,0,0,0,0
chrX,313530163,4867,chr12_003486.1,0,0,2,4,0,0,4,20,0,0,0,0,0,0
chrX,313496876,7976,chr12_003487.1,0,0,0,3,0,0,2,15,0,0,0,0,0,0
chrX,312879469,3992,chr12_003490.1,0,0,0,2,0,0,11,4,0,0,0,0,0,0
chrX,312578174,5896,chr12_003491.1,0,0,0,2,0,0,3,1,0,0,0,0,0,0
chrX,310734793,7227,chr12_003506.1,0,0,3,9,0,0,0,0,0,0,0,0,0,0
chrX,310722267,2503,chr12_003507.1,0,4,1,0,1,0,0,0,0,0,0,0,0,0
chrX,309320796,7585,chr12_003512.1,0,6,7,3,0,0,0,0,0,0,0,0,0,0
chrX,308912377,7263,chr12_003516.1,5,6,4,2,2,0,0,0,0,0,0,0,0,0
chrX,308296422,4009,chr12_003517.1,2,11,4,12,0,0,0,0,1,0,0,0,0,0
chrX,308101377,3870,chr12_003520.1,5,3,0,1,0,0,0,1,0,0,0,0,0,0
chrX,305942392,14521,chr12_003550.1,0,4,6,8,0,0,0,0,0,0,0,0,0,0
chrX,305562118,5238,chr12_003553.1,2,1,2,4,0,0,0,1,0,0,0,0,0,0
chrX,304672348,4189,chr12_003556.1,0,1,1,0,0,0,0,0,0,0,0,0,0,0
chrX,304658947,5457,chr12_003557.1,1,4,4,3,0,0,0,0,0,0,0,0,0,0
chrX,304175377,6084,chr12_003561.1,0,4,3,1,0,0,0,0,0,0,0,0,0,0
chrX,302972897,3943,chr12_003573.1,4,3,7,5,0,0,0,1,0,0,0,0,0,0
chrX,302412866,1908,chr12_003574.1,2,5,2,2,0,0,0,2,1,0,0,0,0,0
chrX,302073616,5664,chr12_003578.1,0,0,0,7,0,0,12,2,2,0,0,0,0,0
chrX,300109676,5021,chr12_003590.1,1,1,0,0,0,0,0,0,0,0,0,0,0,0
chrX,300101781,7894,chr12_003591.1,5,10,2,0,0,1,0,0,0,0,0,1,0,0
chrX,299917495,5241,chr12_003592.1,8,11,5,8,0,0,0,2,0,1,0,0,0,0
chrX,299441550,7849,chr12_003594.1,2,2,5,1,0,0,1,3,0,0,4,0,0,0
chrX,298115220,3208,chr12_003603.1,1,8,1,2,0,0,4,0,0,0,1,0,0,0
chrX,294836406,9619,chr12_003610.1,1,1,0,1,2,0,0,0,0,0,0,1,0,0
chrX,292866544,7490,chr12_003617.1,16,15,1,5,1,1,0,0,0,0,0,0,0,0
chrX,292688329,5730,chr12_003618.1,3,5,2,3,0,0,0,0,0,0,0,0,0,0
chrX,292538622,5507,chr12_003621.1,5,3,3,4,0,0,0,0,0,0,1,0,0,0
chrX,292527975,3471,chr12_003622.1,0,3,1,2,0,0,0,0,0,0,0,0,0,0
chrX,291413604,6120,chr12_003626.1,0,2,1,1,0,1,0,2,0,0,0,0,0,0
chrX,290684548,7149,chr12_003633.1,1,10,2,3,0,2,0,0,0,2,0,0,0,0
chrX,289697736,6911,chr12_003647.1,2,10,5,5,0,0,0,0,1,0,2,0,0,0
chrX,288497076,6037,chr12_003652.1,2,12,3,9,0,0,0,0,0,0,0,0,0,0
chrX,287848674,2219,chr12_003658.1,3,11,0,6,0,0,1,5,0,1,0,0,0,0
chrX,286514749,7274,chr12_003669.1,10,15,11,9,0,0,2,0,0,1,0,0,0,0
chrX,283410506,10406,chr12_003687.1,7,12,0,5,0,0,0,0,0,0,0,0,0,0
chrX,282129418,11074,chr12_003691.1,4,3,3,2,0,0,0,0,0,0,1,0,0,0
chrX,278306681,13607,chr12_003717.1,13,11,4,3,1,0,0,0,1,0,0,0,0,0
chrX,274953092,6272,chr12_003748.1,16,18,4,5,1,0,0,6,0,0,0,0,0,0
chrX,274785604,2208,chr12_003749.1,5,6,1,3,0,0,0,1,0,0,1,0,0,0
chrX,274279666,5439,chr12_003754.1,10,14,5,6,0,0,0,0,0,0,1,0,0,0
chrX,272060847,24534,chr12_003764.1,2,4,3,1,0,0,0,0,0,0,0,0,0,0
chrX,265870600,11032,chr12_003798.1,21,11,7,5,0,0,0,1,0,0,0,0,0,0
chrX,265496738,3095,chr12_003800.1,2,1,1,3,0,0,0,1,0,0,3,0,0,0
chrX,258392739,6904,chr12_003826.1,16,17,2,2,0,0,0,0,1,0,1,0,0,0
chrX,257016404,19910,chr12_003829.1,10,15,6,4,0,0,0,0,0,0,0,0,0,0
chrX,254207529,13549,chr12_003844.1,37,29,8,15,0,0,3,1,0,0,0,0,0,0
chrX,253624393,9100,chr12_003845.1,5,8,3,5,0,1,0,1,0,0,0,0,0,0
chrX,249938006,2114,chr12_003859.1,12,13,3,6,0,0,0,1,2,0,0,0,0,0
chrX,249364116,3063,chr12_003860.1,5,9,2,2,0,0,2,0,0,0,0,0,0,0
chrX,247109545,9524,chr12_003867.1,12,10,3,1,0,0,0,0,0,0,2,0,0,0
chrX,245943532,11704,chr12_003868.1,25,20,7,3,0,0,0,0,0,1,0,1,0,0
chrX,241617535,2409,chr12_003879.1,11,10,2,6,0,0,0,0,0,0,3,0,0,0
chrX,239968288,2830,chr12_003882.1,5,8,2,7,0,1,1,1,0,0,0,0,0,0
chrX,239141547,8572,chr12_003885.1,8,6,7,2,0,1,0,1,0,0,1,0,0,0
chrX,237801985,3173,chr12_003889.1,3,7,0,2,1,0,0,0,0,0,0,0,0,0
chrX,237790804,11180,chr12_003890.1,2,6,2,3,0,1,0,0,0,0,0,0,0,0
chrX,231613156,2083,chr12_003908.1,10,10,4,2,1,0,0,2,0,0,0,0,0,0
chrX,226163360,8317,chr12_003919.1,4,4,2,2,0,1,0,0,0,0,0,0,0,0
chrX,225479068,7075,chr12_003922.1,14,13,4,12,0,0,2,2,1,0,3,0,0,0
chrX,216598148,2958,chr12_003938.1,6,3,4,2,0,0,0,0,0,0,0,0,0,0
chrX,197412330,10401,chr12_003965.1,7,9,1,4,0,1,1,0,1,0,0,0,0,0
chrX,197241309,2857,chr12_003968.1,6,2,4,3,0,0,0,0,0,0,1,0,0,0
chrX,185941089,20065,chr12_003991.1,13,7,0,3,0,0,0,0,0,0,0,0,0,0
chrX,185936887,4201,chr12_003992.1,3,2,0,2,0,0,0,0,0,0,0,0,0,0
chrX,179377893,3998,chr12_004013.1,4,26,0,1,0,0,0,0,0,0,0,0,0,0
chrX,35535432,3230,chr12_004032.1,1,2,0,0,0,0,2,1,0,0,0,0,0,0
chrX,36564479,3386,chr12_004047.1,1,3,0,1,0,0,3,1,0,0,0,0,0,0
chrX,36776284,4411,chr12_004053.1,23,28,4,3,0,0,1,1,0,0,0,1,0,0
chrX,37678876,7483,chr12_004058.1,3,13,1,7,0,1,1,1,0,0,0,0,0,0
chrX,38582009,5886,chr12_004059.1,6,3,2,3,0,0,1,0,0,0,0,3,0,0
chrX,43037848,2999,chr12_004083.1,0,4,1,4,0,0,0,0,0,0,0,0,0,0
chrX,43047098,2318,chr12_004084.1,5,16,4,2,0,0,0,0,0,0,0,0,0,0
chrX,48498370,13595,chr12_004122.1,0,0,0,21,0,0,8,0,5,0,0,0,0,0
chrX,53441251,6178,chr12_004145.1,6,6,4,4,1,0,0,0,0,0,0,0,0,0
chrX,62893642,5466,chr12_004189.1,9,17,3,2,1,0,0,0,0,0,0,0,0,0
chrX,65600012,4201,chr12_004199.1,2,2,2,5,0,0,6,2,1,0,0,0,0,0
chrX,65784348,6832,chr12_004200.1,6,13,2,3,0,0,0,3,0,0,1,0,0,0
chrX,66518584,12712,chr12_004206.1,20,40,3,6,0,1,1,8,1,0,0,0,0,0
chrX,72134901,13768,chr12_004244.1,11,16,7,6,0,2,3,2,1,0,1,0,0,0
chrX,78573393,2197,chr12_004266.1,9,6,0,5,0,0,0,0,0,0,0,0,0,0
chrX,84704139,3869,chr12_004283.1,0,7,3,1,0,0,0,5,0,0,0,0,0,0
chrX,91511928,6210,chr12_004305.1,18,23,0,10,0,1,4,3,0,0,1,0,0,0
chrX,92521628,1820,chr12_004310.1,4,11,0,2,0,0,1,0,0,0,0,0,0,0
chrX,93765402,3763,chr12_004315.1,11,8,2,2,1,0,0,0,0,0,0,0,0,0
chrX,107367434,17853,chr12_004382.1,10,13,1,7,0,0,1,0,0,0,0,0,0,0
chrX,114048883,7198,chr12_004400.1,3,5,0,7,2,0,0,0,0,1,1,1,0,0
chrX,116596780,4978,chr12_004408.1,5,9,4,1,0,0,0,0,0,0,0,0,0,0
chrX,120070702,8027,chr12_004418.1,7,13,2,4,1,0,0,0,0,0,0,0,0,0
chrX,120983698,6913,chr12_004421.1,8,26,5,5,0,0,0,0,0,1,0,0,0,0
chrX,126836117,11793,chr12_004442.1,10,14,3,1,0,0,0,0,1,0,2,0,0,0
chrX,128685495,1591,chr12_004455.1,6,7,1,2,1,0,3,12,0,0,0,0,0,0
chrX,130454369,13428,chr12_004459.1,6,6,2,4,0,0,0,4,0,0,3,0,0,0
chrX,131379921,3071,chr12_004464.1,15,26,2,3,2,0,0,1,1,0,1,0,0,0
chrX,134349892,3412,chr12_004469.1,4,4,2,5,0,0,1,12,1,0,0,0,0,0
chrX,135082711,5463,chr12_004471.1,6,3,1,4,0,0,0,0,1,0,0,0,0,0
chrX,138277886,2732,chr12_004487.1,3,4,2,0,0,0,0,0,0,0,0,0,0,0
chrX,142746103,13537,chr12_004490.1,21,23,2,6,0,0,0,2,0,0,0,0,0,0
chrX,148250356,7995,chr12_004500.1,8,10,3,7,0,0,0,0,1,0,0,0,0,0
chrX,151371647,9156,chr12_004505.1,16,15,2,5,0,0,0,1,0,0,0,0,0,0
chrX,153025064,8623,chr12_004510.1,8,5,1,4,0,0,1,1,0,0,0,0,0,0
chrX,153568086,6116,chr12_004511.1,8,9,2,2,1,0,0,0,0,0,1,0,0,0
chrX,156650480,11639,chr12_004519.1,20,25,2,9,0,0,0,2,0,0,0,0,0,0
chrX,26795822,7456,chr12_004576.1,7,4,5,0,0,0,0,0,0,0,3,0,0,0
chrX,26139200,48330,chr12_004577.1,26,29,12,29,0,1,0,0,0,0,0,1,0,0
chrX,23647701,5939,chr12_004592.1,7,16,0,3,0,0,1,0,0,0,0,1,0,0
chrX,23633769,12126,chr12_004593.1,1,3,26,3,0,1,3,5,0,0,7,0,0,0
chrX,22878250,5475,chr12_004598.1,8,16,1,0,0,3,2,0,0,0,0,0,0,0
chrX,20765400,6162,chr12_004614.1,2,17,6,2,0,0,3,4,0,0,0,0,0,0
chrX,20371621,3636,chr12_004618.1,2,5,3,0,1,2,2,1,0,0,1,0,0,0
chrX,19028096,17843,chr12_004639.1,6,38,0,2,0,0,1,9,0,0,0,1,0,0
chrX,17928734,5879,chr12_004660.1,0,14,2,3,0,0,0,1,0,0,0,1,0,0
chrX,17325470,2950,chr12_004674.1,5,6,0,1,0,0,4,8,2,0,0,0,0,0
chrX,15161962,3961,chr12_004701.1,3,4,1,3,0,4,0,0,0,2,0,0,0,0
chrX,15159146,1668,chr12_004702.1,1,3,0,1,0,0,0,0,0,0,0,0,0,0
chrX,14901864,1160,chr12_004706.1,0,1,0,2,0,0,1,0,0,0,0,0,0,0
chrX,14259324,3062,chr12_004717.1,6,8,0,3,0,1,0,0,0,0,0,0,0,0
chrX,14182971,3473,chr12_004719.1,5,7,4,3,0,0,0,2,0,0,1,0,0,0
chrX,14160437,827,chr12_004720.1,2,2,1,1,0,0,0,3,0,0,1,0,0,0
chrX,13788539,5910,chr12_004731.1,0,21,3,5,0,0,3,0,0,0,0,0,0,0
chrX,13084655,7191,chr12_004745.1,10,4,0,1,0,0,0,0,0,0,0,0,0,0
chrX,12956934,3840,chr12_004746.1,5,5,2,6,0,1,0,4,1,0,0,0,0,0
chrX,12862815,2249,chr12_004747.1,0,0,0,5,0,0,4,12,4,0,0,0,0,0
chrX,11917742,4439,chr12_004768.1,5,2,2,5,0,0,1,3,5,0,2,0,0,0
chrX,11735652,9603,chr12_004775.1,1,4,4,0,0,13,2,8,0,5,0,1,0,0
chrX,11629282,12944,chr12_004779.1,10,8,3,5,0,0,0,0,0,0,0,0,0,0
chrX,11612381,13077,chr12_004780.1,39,13,4,8,0,0,0,0,0,0,0,0,0,0
chrX,11601104,9240,chr12_004781.1,46,18,1,8,1,6,0,1,8,0,0,0,0,0
chrX,11485014,5199,chr12_004785.1,4,15,2,2,0,0,0,3,0,0,0,0,0,0
chrX,11457012,6489,chr12_004786.1,0,0,1,35,0,1,8,1,7,1,0,0,0,0
chrX,11439579,16421,chr12_004787.1,12,20,2,8,1,0,5,4,0,0,0,0,0,0
chrX,10893749,5204,chr12_004800.1,1,2,0,3,1,0,0,0,0,0,0,0,0,0
chrX,10882497,3818,chr12_004802.1,0,4,0,6,0,0,9,1,0,0,0,0,0,0
chrX,10715655,9002,chr12_004806.1,3,17,4,5,10,0,0,1,0,0,0,0,0,0
chrX,10669545,21694,chr12_004807.1,17,27,4,22,0,4,0,1,0,0,1,0,0,0
chrX,10531278,11597,chr12_004811.1,0,0,14,14,0,0,11,10,4,0,1,0,0,0
chrX,10490388,3732,chr12_004812.1,2,6,2,2,0,2,2,1,0,0,0,0,0,0
chrX,10211138,4975,chr12_004819.1,2,17,3,4,1,1,0,0,0,1,0,0,0,0
chrX,10077888,4850,chr12_004825.1,0,1,5,10,0,1,3,2,1,3,0,0,0,0
chrX,9985440,7016,chr12_004827.1,0,1,15,8,1,0,3,7,0,0,3,0,0,0
chrX,9976636,8066,chr12_004828.1,0,0,0,5,0,1,3,3,1,0,1,0,0,0
chrX,9964727,11327,chr12_004829.1,0,0,4,6,0,0,1,3,2,0,0,0,0,0
chrX,9962654,1331,chr12_004830.1,0,0,0,1,0,0,0,0,0,0,0,0,0,0
chrX,9961127,782,chr12_004831.1,0,0,0,6,0,0,1,5,0,0,0,0,0,0
chrX,9935817,3453,chr12_004833.1,0,0,6,2,0,0,0,4,0,0,1,0,0,0
chrX,9929395,1921,chr12_004834.1,0,0,3,0,0,0,2,0,0,0,1,0,0,0
chrX,8470065,2670,chr12_004853.1,0,0,2,4,0,0,0,1,1,0,0,0,0,0
chrX,8462228,3971,chr12_004854.1,0,0,2,3,0,1,0,0,1,0,0,0,0,0
chrX,8450835,4744,chr12_004855.1,0,0,3,9,0,0,4,4,0,0,0,0,0,0
chrX,8437842,8485,chr12_004856.1,0,0,5,13,0,0,0,2,0,0,0,0,0,0
chrX,8392669,35199,chr12_004857.1,0,1,12,33,0,2,20,19,1,2,0,0,0,0
chrX,8387230,1758,chr12_004859.1,0,0,5,6,2,0,1,1,1,0,1,0,0,0
chrX,8263839,9314,chr12_004860.1,0,0,7,23,0,0,0,0,5,0,0,0,0,0
chrX,8256171,5052,chr12_004861.1,0,0,1,5,0,0,4,2,1,0,0,0,0,0
chrX,8190709,3680,chr12_004863.1,0,0,2,3,0,1,1,0,2,0,0,0,0,0
chrX,7902427,3394,chr12_004872.1,0,0,2,4,0,0,9,5,0,0,0,0,0,0
chrX,7828683,8181,chr12_004874.1,0,0,5,3,0,0,1,7,0,0,2,0,0,0
chrX,7805450,9264,chr12_004875.1,0,0,7,0,0,0,3,11,0,0,1,2,0,0
chrX,7750722,3512,chr12_004876.1,0,1,2,7,1,0,5,2,0,0,0,1,0,0
chrX,7587618,11556,chr12_004877.1,0,0,6,19,0,3,4,11,1,0,1,0,0,1
chrX,7561641,1835,chr12_004880.1,0,0,0,10,0,0,3,2,0,0,0,0,0,0
chrX,7510565,5657,chr12_004883.1,0,4,3,9,0,1,0,1,0,2,0,0,0,0
chrX,7505816,4049,chr12_004884.1,0,1,1,3,0,0,1,0,0,0,0,0,0,0
chrX,7427353,3734,chr12_004886.1,3,5,0,5,9,1,0,1,0,1,1,1,0,0
chrX,7379247,5590,chr12_004887.1,4,9,1,7,0,0,7,1,0,3,0,0,0,0
chrX,7284776,19954,chr12_004888.1,1,9,3,0,0,1,2,14,0,0,0,0,0,0
chrX,6908430,4835,chr12_004893.1,0,8,2,3,0,2,0,1,0,0,0,0,0,0
chrX,6805728,4343,chr12_004895.1,0,1,2,4,0,0,0,1,0,2,0,0,0,0
chrX,6655993,7664,chr12_004897.1,0,4,1,0,1,0,1,2,0,0,0,3,0,0
chrX,6625946,4334,chr12_004900.1,0,0,3,4,0,0,2,1,0,0,0,0,0,0
chrX,6511153,5680,chr12_004909.1,0,4,1,0,1,3,0,0,0,0,0,0,0,0
chrX,6480538,6173,chr12_004912.1,0,0,0,0,0,0,4,1,0,0,0,0,0,0
chrX,5854953,3270,chr12_004925.1,4,4,1,3,1,1,0,0,0,0,0,0,0,0
chrX,5837465,3264,chr12_004926.1,6,20,1,2,4,0,2,0,1,2,0,0,0,0
chrX,5790875,8983,chr12_004928.1,0,8,0,2,0,2,0,1,0,0,0,0,0,0
chrX,5720502,3555,chr12_004931.1,1,1,0,2,0,0,1,2,0,0,0,0,0,0
chrX,5606463,6741,chr12_004936.1,10,6,2,5,0,1,2,2,0,0,0,0,0,0
chrX,5561474,15064,chr12_004937.1,26,22,3,12,0,1,8,4,1,0,0,0,0,0
chrX,5383724,6633,chr12_004940.1,9,4,0,1,1,1,2,1,4,0,0,0,0,0
chrX,5364644,6920,chr12_004941.1,18,9,2,3,0,0,2,7,2,0,0,0,0,0
chrX,5222720,19571,chr12_004947.1,15,54,6,12,2,4,6,7,0,0,1,0,0,0
chrX,5188523,8975,chr12_004948.1,15,19,2,6,0,1,1,2,0,0,0,1,0,0
chrX,5166848,11398,chr12_004949.1,8,26,8,6,0,0,0,4,0,1,2,0,0,0
chrX,5112571,6328,chr12_004951.1,7,7,10,3,1,0,4,1,0,0,0,0,0,0
chrX,4932165,5630,chr12_004954.1,2,4,1,1,0,0,0,0,0,0,0,0,0,0
chrX,4851373,2384,chr12_004959.1,5,18,1,5,0,5,0,0,0,0,0,0,0,0
chrX,4405999,10027,chr12_004972.1,4,46,1,2,0,3,1,2,0,0,0,1,0,0
chrX,4397289,4287,chr12_004973.1,8,7,0,0,0,1,0,1,0,0,0,0,0,0
chrX,4373952,6552,chr12_004974.1,3,5,2,4,0,2,3,2,0,0,1,0,0,0
chrX,4226484,5168,chr12_004975.1,3,8,0,4,0,1,1,1,2,0,0,0,0,0
chrX,3937929,5607,chr12_004982.1,0,0,0,0,0,0,2,5,0,0,0,0,0,0
chrX,3881919,5614,chr12_004988.1,7,8,0,3,1,0,6,9,2,0,0,0,0,0
chrX,3543458,2310,chr12_004996.1,5,4,1,2,0,0,1,2,0,0,0,0,0,0
chrX,3434312,1850,chr12_004998.1,0,2,0,0,0,0,7,10,0,0,0,0,0,0
chrX,3164617,4443,chr12_005003.1,0,0,0,4,0,1,1,1,1,0,0,0,0,0
chrX,3119260,6138,chr12_005009.1,6,29,2,2,0,0,0,0,0,1,0,0,0,0
chrX,2724249,5896,chr12_005021.1,2,1,0,3,0,0,0,1,4,0,0,0,0,0
chrX,2710662,4726,chr12_005022.1,1,5,1,3,0,0,2,3,2,0,0,0,0,0
chrX,2423607,5013,chr12_005031.1,0,0,1,3,0,0,3,1,5,0,0,0,0,0
chrX,2373711,5380,chr12_005034.1,0,0,0,9,0,10,2,0,2,0,0,0,0,0
chrX,2172857,7768,chr12_005045.1,8,17,0,3,0,1,1,2,4,0,0,0,0,0
chrX,1237234,6582,chr12_005070.1,10,9,2,1,0,1,0,3,0,1,1,0,0,0
chrX,669245,6418,chr12_005083.1,10,40,0,6,2,1,0,0,0,0,0,0,0,0
chrX,302370,9329,chr12_005088.1,4,11,1,2,0,1,0,6,0,0,0,0,0,0
chrX,110482,3862,chr12_005092.1,2,7,1,1,0,0,5,14,0,0,0,0,0,0
chrX,48638,4559,chr12_005095.1,1,5,1,2,0,1,0,0,2,0,0,0,0,0
