00000,01000,00100,01100,00010,01010,00110,01110,00001,01001,00101,01101,00011,01011,00111,01111
0,0,3,1,0,0,0,0,0,0,0,0,2,4,0,7
0,0,1,0,0,3,0,1,7,0,12,0,0,0,0,21
0,0,1,0,0,0,0,0,2,0,5,1,0,0,0,42
0,0,0,4,0,0,0,0,1,0,0,0,2,0,0,49
0,0,10,0,0,1,0,0,2,0,0,0,0,5,0,17
0,0,1,3,1,0,0,2,6,0,1,0,4,0,0,118
0,0,0,0,2,2,0,0,2,0,2,2,0,0,0,14
0,1,3,0,1,4,0,0,2,0,17,0,0,0,0,31
0,0,4,0,1,5,0,0,6,0,12,0,1,0,0,17
0,0,1,0,1,3,0,0,3,0,8,1,0,0,0,25
0,0,0,0,0,0,0,0,0,0,0,0,1,0,0,26
0,0,4,5,0,2,0,0,1,0,3,0,2,0,0,45
0,0,2,0,0,1,0,0,5,0,11,0,2,0,0,35
0,0,2,0,1,0,0,0,4,0,7,0,0,0,0,43
0,0,17,4,0,0,0,0,0,0,0,0,5,7,0,30
0,0,4,0,0,0,0,0,0,0,0,0,0,0,0,11
0,0,4,0,1,4,0,0,4,0,7,0,0,0,0,24
0,0,7,3,0,2,0,0,1,0,9,1,2,0,0,39
0,2,4,0,6,5,0,0,8,0,18,0,0,1,0,36
0,0,2,1,0,2,0,1,6,0,5,0,2,0,0,14
0,0,2,0,3,3,0,0,1,0,6,0,0,0,0,17
0,0,5,4,0,0,0,0,2,0,0,0,3,0,0,26
0,2,6,6,0,41,0,0,14,0,13,0,3,0,0,19
0,1,6,0,4,29,0,0,12,0,32,3,2,0,0,62
0,6,11,0,0,9,0,2,11,0,14,0,0,0,1,44
0,1,8,0,5,10,0,1,8,0,12,1,2,0,0,112
0,1,1,0,2,4,0,0,1,0,2,0,4,0,0,26
0,2,3,2,4,5,0,0,6,0,10,0,0,0,2,43
0,0,3,2,0,0,0,0,0,0,0,0,8,0,0,47
0,0,4,0,0,12,0,0,0,0,12,0,0,0,0,27
0,1,11,0,0,1,0,1,3,0,17,0,3,0,0,33
0,3,4,0,2,1,0,0,8,0,4,0,0,0,1,16
0,2,15,3,10,13,0,1,11,0,22,1,3,0,1,80
0,0,0,0,0,0,0,0,0,0,0,0,0,0,0,10
0,1,7,0,0,7,0,1,8,0,20,0,0,0,0,21
0,0,4,3,5,0,0,0,8,0,16,0,3,0,0,26
0,3,11,3,9,11,0,0,7,0,28,0,6,1,1,61
0,0,4,0,1,2,0,0,3,0,3,0,0,2,0,10
0,0,3,2,0,1,0,0,3,0,0,0,0,0,0,37
0,1,4,1,5,3,0,0,7,0,32,1,0,1,0,18
0,2,18,1,2,2,0,0,1,0,4,0,1,6,0,22
0,0,0,0,0,0,0,0,0,0,0,0,2,0,0,19
0,0,0,0,0,1,0,0,1,0,1,0,0,0,0,19
0,1,5,0,2,7,0,0,7,0,6,0,0,0,0,18
0,0,3,0,4,20,0,0,12,0,19,0,0,3,0,34
0,0,2,1,0,2,0,0,1,0,10,0,2,0,0,70
0,0,24,1,0,0,0,0,0,0,0,0,1,6,0,46
0,1,4,7,3,3,0,0,3,0,10,1,2,0,0,23
0,0,2,0,1,2,0,0,3,0,5,0,1,0,0,10
0,1,4,0,0,10,0,0,8,0,4,0,2,5,0,18
0,1,1,1,1,30,0,0,5,0,17,0,0,4,1,37
0,0,10,2,17,23,0,1,14,0,21,0,2,1,0,61
0,5,6,0,13,4,0,0,7,0,13,4,1,0,0,25
0,1,13,4,0,0,0,0,0,0,0,0,17,8,0,47
0,0,6,0,0,0,0,1,0,0,5,0,2,0,0,25
0,1,11,0,0,18,0,0,17,0,18,0,1,1,0,91
0,1,3,0,0,0,0,0,2,0,3,0,0,0,0,23
0,1,10,0,1,0,0,0,3,0,7,3,0,0,0,66
0,3,14,1,6,32,0,0,32,0,24,1,0,0,0,145
0,0,1,0,0,0,0,0,1,0,3,1,0,0,0,41
0,0,1,0,6,3,0,0,6,0,7,0,0,0,0,45
0,0,5,0,0,1,0,4,6,0,0,0,1,0,0,18
0,0,13,0,1,2,0,2,10,0,0,0,0,1,0,95
0,0,3,0,1,0,0,4,3,0,0,0,1,0,0,24
0,0,3,2,9,0,0,0,12,0,0,2,2,2,0,85
0,0,1,0,3,0,0,1,7,0,0,0,2,1,0,24
0,0,3,1,2,0,0,0,4,0,0,0,1,4,0,63
0,1,22,1,7,0,0,4,30,0,1,2,3,0,0,131
0,1,5,4,3,0,0,0,10,0,0,0,1,0,0,53
0,0,5,6,1,0,0,0,9,0,0,0,5,0,0,22
0,0,4,0,0,0,0,0,5,2,2,1,1,0,1,46
0,0,3,1,0,0,0,0,3,0,0,0,0,0,0,20
0,0,5,0,0,0,0,0,2,0,0,0,2,0,1,36
0,1,3,1,1,0,0,1,10,0,1,2,0,2,0,19
0,0,7,1,0,0,0,0,3,1,0,0,3,1,0,18
0,0,9,0,2,5,0,0,7,0,6,0,0,0,1,43
0,2,0,0,1,0,0,0,4,0,3,0,1,0,2,24
0,0,0,1,1,0,0,0,0,0,0,0,2,0,0,34
0,6,8,1,12,2,0,0,8,0,7,3,2,1,0,83
0,0,3,0,0,1,0,0,2,0,2,0,0,0,0,12
0,0,11,0,0,2,0,0,0,0,2,0,1,3,0,33
0,1,5,0,4,45,0,0,4,0,13,0,1,0,0,25
0,0,4,0,0,10,0,0,3,0,2,0,4,1,0,20
0,1,5,0,7,12,0,0,9,0,25,1,0,0,0,83
0,0,7,0,8,2,0,0,10,0,10,1,0,0,0,58
0,0,10,0,0,0,0,0,1,0,3,0,3,0,0,37
0,1,1,0,4,0,0,0,0,0,0,1,0,0,0,17
0,0,4,0,1,0,0,0,2,0,2,0,0,0,0,37
0,0,0,1,2,0,0,2,3,0,0,0,3,0,0,23
0,4,6,1,11,12,0,0,11,0,14,3,0,0,0,58
0,0,9,1,14,9,0,2,12,0,14,2,3,0,0,50
0,0,6,0,9,1,0,2,9,0,8,0,0,0,0,61
0,2,12,1,4,9,0,0,9,0,9,0,0,1,0,124
0,2,3,0,2,0,0,0,0,0,1,0,0,0,1,49
0,0,0,9,4,0,0,14,19,0,0,0,3,0,0,49
0,0,1,0,2,3,0,0,9,0,4,0,0,1,0,37
0,0,4,0,4,1,0,0,4,0,7,1,2,0,0,55
0,1,2,3,5,5,0,0,7,0,18,0,3,0,0,26
0,1,4,4,2,6,0,1,4,0,4,0,6,0,0,40
0,0,3,7,2,0,0,0,4,0,6,0,1,0,0,43
0,1,4,0,2,17,0,0,3,0,34,0,0,0,0,40
0,1,8,0,1,1,0,0,1,0,14,0,2,3,0,28
0,1,4,0,1,14,0,1,0,0,7,0,3,0,0,48
0,4,3,1,4,10,0,0,7,0,20,0,0,0,1,21
0,2,2,0,1,14,0,0,6,0,12,0,2,0,0,22
0,1,5,2,1,15,0,0,6,0,15,0,2,5,0,34
0,1,3,0,9,10,0,0,5,0,2,0,1,1,1,38
0,1,2,0,4,3,0,0,6,0,5,0,0,0,0,48
0,0,0,0,2,6,0,0,5,0,12,0,0,0,0,24
0,1,3,0,2,12,0,0,1,0,18,0,4,0,0,29
0,2,3,0,3,11,0,0,4,0,5,0,2,0,0,43
0,1,6,0,1,12,0,0,5,0,5,0,1,1,0,26
0,0,2,0,5,3,0,0,2,0,2,0,3,1,0,18
0,3,2,0,4,9,0,1,8,0,7,0,0,0,0,38
0,0,4,1,0,5,0,0,9,0,8,0,1,0,0,46
0,0,2,0,2,7,0,0,3,0,6,2,0,0,0,26
0,1,2,0,0,11,0,0,4,0,10,0,1,0,0,24
0,0,8,0,3,9,0,0,5,0,6,0,1,0,0,22
0,4,8,0,7,16,0,1,12,0,18,1,0,1,0,78
0,1,2,2,3,9,0,0,3,0,6,0,1,0,0,12
0,2,5,2,0,1,0,0,6,0,7,0,0,1,0,35
0,0,2,0,0,7,0,0,4,0,3,0,0,0,0,13
0,0,14,1,1,16,0,0,9,0,5,0,1,0,0,51
0,8,27,3,13,43,0,1,38,0,48,0,4,1,2,147
0,0,2,0,0,1,0,0,0,0,1,0,1,0,0,4
0,0,1,0,1,3,0,2,3,0,8,0,0,2,0,22
0,2,3,0,7,12,0,0,8,1,8,0,1,0,0,81
0,1,12,0,3,6,0,0,7,0,10,0,0,1,0,26
0,0,1,4,0,2,0,0,0,0,7,0,3,0,0,18
0,1,2,0,3,2,0,0,2,0,1,0,0,0,0,15
0,4,4,1,9,12,0,0,17,0,16,0,1,0,1,100
0,1,3,0,0,2,0,0,7,0,10,0,0,1,0,44
0,9,14,0,9,16,0,1,25,0,20,1,1,0,0,66
0,2,2,2,8,1,0,0,4,0,7,2,2,0,2,14
0,1,10,0,7,5,0,0,8,0,6,1,0,0,2,23
0,0,0,0,1,6,0,0,2,0,18,0,0,0,0,23
0,3,6,3,3,17,0,1,9,0,20,0,1,2,0,33
0,0,1,0,2,6,0,0,5,0,4,0,0,1,0,23
0,0,5,0,0,5,0,1,5,0,5,0,0,0,0,28
0,0,0,0,2,6,0,0,6,0,5,0,0,0,0,17
0,1,9,0,2,5,0,0,4,0,4,0,2,5,0,17
0,1,4,1,5,9,0,0,4,0,6,0,2,0,0,48
0,0,0,0,2,1,0,0,1,0,0,0,2,0,0,25
0,1,5,0,4,5,0,1,6,0,9,0,1,0,0,16
0,3,11,0,6,9,0,0,8,0,19,0,1,1,0,49
0,1,4,0,1,7,0,0,0,0,4,0,0,2,0,13
0,3,3,0,1,13,0,2,5,0,7,0,1,0,0,42
0,0,4,0,0,9,0,1,3,0,12,0,0,0,0,43
0,1,1,0,0,6,0,0,2,0,2,0,1,0,0,31
0,1,4,0,5,6,0,0,8,0,7,1,0,1,0,29
0,0,5,0,1,4,0,0,6,0,3,0,1,0,0,13
0,5,7,0,6,17,0,0,13,0,20,0,1,1,0,33
0,0,5,0,0,5,0,0,2,0,3,0,0,1,0,14
0,5,4,1,8,14,0,0,9,0,20,1,0,0,1,64
0,0,8,1,2,11,0,0,8,0,17,0,2,0,0,26
0,1,7,1,1,6,0,0,5,0,8,0,2,2,0,53
0,1,0,0,2,6,0,0,3,0,2,1,0,1,0,16
0,1,5,0,2,17,0,0,7,0,14,0,0,0,0,25
0,5,2,1,4,3,0,0,4,0,5,0,1,0,0,24
0,5,5,0,9,3,0,1,14,0,6,1,0,0,2,39
0,0,3,2,3,8,0,1,6,0,7,0,1,1,0,13
0,4,2,0,4,1,0,0,1,0,1,1,0,1,1,43
0,0,4,0,1,6,0,0,12,0,16,0,0,0,0,27
0,2,4,0,3,4,0,0,6,0,2,0,0,0,0,34
0,5,11,4,4,8,0,0,9,0,13,1,1,1,0,70
0,0,10,0,5,3,0,1,9,0,3,1,0,0,0,75
0,0,0,14,4,0,0,11,21,0,0,1,3,0,0,47
0,1,5,1,3,7,0,0,4,0,6,0,1,0,0,25
0,1,4,0,11,4,0,0,8,0,6,3,0,0,1,20
0,0,4,0,3,1,0,0,11,0,1,0,0,1,0,29
0,0,0,0,1,2,0,0,0,0,0,0,0,0,0,10
0,3,3,0,5,4,0,0,6,0,9,0,0,0,2,35
0,3,4,1,4,1,0,0,0,0,3,4,1,1,0,41
0,0,10,0,2,1,0,0,6,0,1,0,0,0,0,27
0,0,3,0,3,0,0,0,7,0,2,0,0,0,0,20
0,0,2,0,4,0,0,0,1,0,0,5,6,0,0,27
0,22,7,3,11,0,1,0,13,0,0,0,2,1,5,59
0,3,5,0,3,0,0,0,5,0,0,2,0,0,0,39
0,2,3,4,3,0,0,0,6,0,0,0,0,0,0,17
0,0,3,0,1,1,0,0,3,0,0,0,1,0,0,19
0,0,0,4,3,0,0,0,12,0,0,8,2,1,0,31
0,1,4,1,3,0,0,0,4,1,0,0,5,0,0,34
0,0,2,1,1,0,0,0,2,0,0,0,0,1,0,25
0,0,2,1,3,0,0,3,9,1,3,0,3,6,0,30
0,0,12,1,6,0,0,0,6,1,0,3,5,10,0,32
0,0,2,6,1,0,0,0,1,0,0,0,5,1,0,22
0,0,2,0,0,0,0,1,1,0,0,0,1,0,0,33
0,0,0,0,0,0,0,0,4,0,0,0,0,0,0,36
0,0,3,16,0,0,0,0,1,0,0,0,13,0,0,61
0,0,7,1,2,3,1,6,12,0,0,1,6,0,0,40
0,0,2,1,1,0,0,0,2,0,0,0,1,0,0,27
0,0,2,4,0,0,0,0,2,0,0,0,4,0,0,43
0,0,0,4,0,0,0,0,0,0,0,0,4,0,0,13
0,0,4,3,4,0,0,2,3,0,0,0,11,1,0,49
0,0,8,10,0,0,0,0,1,0,0,0,3,0,0,45
0,0,0,3,0,0,0,0,1,0,0,0,6,0,0,38
0,0,2,12,0,0,0,0,2,0,0,0,11,0,0,72
0,0,0,1,0,0,0,0,1,0,0,0,7,0,0,27
0,0,1,3,0,0,0,0,3,0,0,0,2,0,0,19
0,1,6,2,0,0,0,0,1,0,0,0,6,1,0,45
0,0,4,11,0,0,0,0,3,0,0,0,14,0,0,41
0,0,4,6,0,0,0,1,3,0,0,0,15,0,0,57
0,0,1,8,0,0,0,0,1,0,0,0,7,0,0,55
0,0,1,6,0,0,0,0,1,0,0,0,7,0,0,13
0,0,0,7,0,0,0,0,0,0,0,0,10,0,0,21
0,0,1,2,0,0,0,0,3,0,0,0,0,0,0,28
0,0,1,6,0,0,0,0,0,0,0,0,10,0,0,34
0,1,1,4,0,0,0,0,0,0,0,0,6,0,3,20
0,1,1,2,0,0,0,0,0,0,0,0,18,0,0,52
0,0,3,17,0,0,0,0,1,0,0,0,15,1,0,46
0,0,9,3,0,0,0,0,1,0,0,0,8,0,0,29
0,0,1,3,0,0,0,0,0,0,0,0,4,0,0,30
0,0,1,4,0,0,0,0,2,0,0,1,2,0,0,23
0,0,3,1,0,0,0,1,2,0,0,0,0,1,0,23
0,0,0,0,0,0,0,0,0,0,0,0,0,0,0,44
0,1,6,0,0,37,0,0,11,0,22,0,0,0,0,37
0,0,5,1,0,0,0,1,2,0,0,0,1,0,0,11
0,0,1,2,1,0,0,0,1,0,0,0,4,1,0,39
0,0,4,5,0,0,0,0,1,0,0,0,12,2,0,86
0,1,2,1,0,0,0,0,0,0,0,0,5,1,0,38
0,0,0,7,0,0,0,0,0,0,0,0,15,0,0,39
0,2,2,4,0,0,0,0,1,0,0,0,8,0,1,23
0,0,0,5,0,0,0,0,0,0,0,0,4,0,0,14
0,0,1,3,0,0,0,0,0,0,0,0,2,0,0,34
0,0,6,0,0,0,0,0,4,0,0,0,1,0,0,42
0,0,0,1,0,0,0,0,0,0,0,0,3,0,0,40
0,0,14,11,0,0,0,0,0,0,0,0,42,0,1,59
0,0,6,4,0,0,0,0,1,0,0,0,9,1,1,18
0,0,4,2,1,0,0,0,6,0,0,0,3,0,0,37
0,0,5,6,0,0,0,0,1,0,0,0,2,0,0,14
0,3,3,1,0,0,0,0,2,0,0,0,5,0,0,40
0,0,4,0,0,0,0,0,2,0,0,0,0,0,0,28
0,0,5,0,1,0,0,0,5,0,0,0,0,0,0,39
0,0,2,17,0,0,0,0,0,0,0,0,14,0,0,36
0,2,0,11,0,0,0,0,2,0,0,0,11,0,1,62
0,0,2,1,0,0,0,0,0,0,0,0,9,0,0,34
0,1,5,1,1,0,0,1,2,0,0,0,1,0,4,18
0,2,4,0,1,0,0,0,4,0,0,0,0,0,0,35
0,0,2,2,1,0,0,0,9,0,0,0,2,0,1,19
0,0,3,0,0,0,0,1,10,0,1,0,0,0,0,32
0,1,4,1,1,5,0,0,7,0,2,0,5,2,0,39
0,0,4,0,1,2,0,0,2,0,3,0,1,1,0,21
0,1,1,0,8,12,0,4,9,0,10,0,1,1,1,49
0,2,1,1,1,2,0,0,2,0,2,0,1,0,0,16
0,1,8,0,9,0,0,0,6,0,0,3,1,0,1,35
0,3,5,0,3,2,0,0,10,0,0,0,0,0,0,38
0,0,8,0,5,1,0,0,6,0,4,0,0,1,1,56
0,1,1,2,2,4,0,1,3,0,1,0,0,1,0,35
0,1,0,0,0,0,0,0,1,0,3,0,0,0,1,31
0,0,2,0,10,0,0,0,6,0,0,2,1,0,0,31
0,0,4,1,2,6,0,0,3,0,1,1,1,0,0,28
0,1,5,0,3,0,0,0,1,0,4,0,1,0,4,19
0,0,15,0,0,0,0,0,2,0,0,0,2,0,0,22
0,0,3,0,0,1,0,0,3,0,3,0,0,0,0,14
0,0,7,0,2,3,0,0,6,0,5,1,0,1,0,15
0,2,15,2,4,6,0,0,5,0,8,0,3,2,0,41
0,0,4,1,6,3,0,0,9,0,8,0,2,2,1,33
0,2,6,8,1,2,0,0,2,0,3,0,1,0,0,6
0,8,9,0,15,7,1,1,7,0,13,1,0,2,3,42
0,1,4,0,2,2,0,0,9,0,1,0,0,0,0,30
0,0,7,0,2,5,0,0,0,0,0,0,1,1,1,35
0,1,3,1,1,0,0,1,1,0,1,0,2,0,0,20
0,0,2,0,4,3,0,0,8,0,8,0,0,1,1,70
0,16,4,0,2,5,0,0,11,0,8,1,0,0,5,64
0,1,6,0,10,2,0,0,11,0,5,0,1,0,0,57
0,0,2,2,1,0,0,1,3,0,4,0,0,0,0,56
0,2,0,3,3,1,1,1,5,0,0,1,2,0,0,44
0,9,11,4,5,8,0,2,13,0,10,0,2,0,5,81
0,0,1,0,0,2,0,0,5,0,2,0,0,0,0,16
0,3,6,0,2,6,0,0,3,0,6,0,2,1,0,22
0,3,3,0,20,0,0,0,5,0,5,1,1,0,0,42
0,2,0,1,2,17,0,0,4,0,15,0,5,0,0,15
0,1,4,2,1,4,0,0,0,0,5,0,2,1,0,14
0,0,5,0,5,10,0,1,10,0,10,0,0,0,0,32
0,3,5,0,10,3,0,0,4,0,4,1,1,0,2,36
0,2,9,1,9,18,0,0,12,0,3,0,3,0,0,32
0,1,3,0,1,3,0,0,1,0,5,0,0,0,0,15
0,3,4,0,1,15,0,0,6,0,14,3,1,0,1,21
0,0,10,0,16,46,0,0,36,0,25,1,3,0,0,173
0,4,8,0,5,1,0,1,12,0,3,1,1,0,0,46
0,4,9,0,7,10,0,0,9,0,4,2,0,2,0,35
0,0,4,0,1,4,0,0,8,0,6,0,1,1,0,44
0,4,8,0,5,13,0,0,11,0,8,0,0,0,0,23
0,4,6,0,7,24,0,0,7,0,22,0,0,1,0,44
0,1,2,0,1,10,0,0,5,0,8,0,0,2,0,24
0,2,4,1,3,10,0,0,4,0,6,0,0,0,0,30
0,0,3,0,0,3,0,0,3,0,6,0,1,0,0,29
0,0,5,0,1,3,0,0,6,0,6,0,0,1,0,41
0,2,3,1,4,8,0,0,8,0,4,0,0,0,1,14
0,1,5,0,9,6,0,0,8,0,3,2,0,0,0,22
0,7,13,2,14,6,0,0,13,0,7,2,1,1,1,111
0,0,3,0,1,5,0,0,5,0,3,0,0,0,0,21
0,1,2,0,4,7,0,0,6,0,7,0,6,1,0,23
0,0,0,0,1,7,0,0,0,0,3,0,0,0,0,18
0,1,2,0,2,16,0,0,2,0,8,0,0,0,0,10
0,1,5,0,1,3,0,0,0,0,3,0,0,0,0,15
0,2,1,0,0,5,0,0,4,0,9,0,11,0,0,80
0,1,1,0,2,4,0,0,5,0,23,0,3,0,0,16
0,0,1,0,0,1,0,0,0,0,7,0,0,0,0,9
0,2,4,1,10,31,0,0,8,0,32,2,5,1,0,52
0,1,1,1,3,4,0,1,2,0,5,0,1,1,0,29
0,1,7,3,6,5,0,0,12,0,14,0,2,0,1,77
0,2,11,0,4,5,0,0,5,0,4,0,0,2,0,51
0,1,5,0,0,4,0,0,1,0,2,0,4,0,0,16
0,0,1,0,1,10,0,0,5,0,9,0,0,1,0,24
0,1,3,0,1,1,0,0,5,0,7,0,1,1,0,16
0,1,5,0,5,7,0,0,11,0,17,0,0,0,0,44
0,1,12,0,7,24,0,0,13,0,40,0,3,0,0,50
0,0,9,3,1,20,0,0,15,0,16,0,4,1,0,37
0,2,4,1,2,7,0,0,3,0,7,0,0,0,0,27
0,0,4,0,1,5,0,0,4,0,11,0,2,3,0,47
0,5,3,1,3,20,0,1,14,0,20,0,1,0,0,57
0,0,4,13,3,2,0,0,6,0,6,0,2,0,0,24
0,2,6,0,3,9,0,0,6,0,12,0,0,0,0,32
0,1,3,0,2,4,0,0,7,0,4,1,1,2,0,23
0,2,4,0,2,6,0,1,9,0,6,0,0,1,0,14
0,1,3,0,4,7,0,0,4,0,6,0,0,0,0,14
0,3,4,0,5,7,0,0,7,0,12,0,0,0,0,37
0,3,4,1,4,8,0,1,13,0,13,0,2,1,0,27
0,0,1,0,2,3,0,0,6,0,5,0,1,0,0,21
0,2,10,0,7,16,0,0,12,0,20,1,0,6,0,65
0,0,3,0,1,4,0,1,3,0,3,0,0,0,0,51
0,1,2,0,0,3,0,0,3,0,3,0,0,0,0,8
0,2,8,0,9,15,0,0,7,0,11,0,0,0,1,44
0,0,3,0,0,8,0,2,7,0,6,0,0,1,0,37
0,0,1,1,1,9,0,0,1,0,5,0,0,1,0,15
0,3,5,0,3,9,0,0,2,0,8,0,0,0,0,20
0,4,8,0,4,24,0,0,9,0,23,0,0,0,0,47
0,3,4,0,5,5,0,0,9,0,12,0,0,0,0,42
0,1,8,0,1,10,0,0,4,0,8,0,8,4,0,23
0,10,28,0,22,53,0,1,32,0,51,1,0,0,1,110
0,0,4,0,1,12,0,0,3,0,17,0,1,0,0,32
0,3,1,0,8,10,0,0,4,0,21,2,3,0,0,30
0,0,1,0,4,6,0,0,1,0,8,0,1,0,0,19
0,0,2,0,2,3,0,0,12,0,12,0,0,0,1,29
0,2,10,5,2,2,0,0,2,0,2,0,5,3,2,17
0,1,4,7,5,4,0,0,2,0,38,0,4,0,0,22
0,0,2,0,1,0,0,0,2,0,15,1,1,0,0,14
0,0,0,1,0,1,0,0,4,0,7,0,6,0,0,76
0,1,1,11,6,8,0,3,2,0,5,1,18,0,0,47
0,1,1,3,0,0,0,1,0,0,0,0,2,0,0,29
0,5,7,0,10,4,0,0,11,0,3,2,1,1,1,58
0,1,0,0,2,2,0,0,0,0,2,0,1,0,0,24
0,1,3,0,2,2,0,0,4,0,2,1,1,0,0,17
0,0,3,1,5,2,0,0,6,0,4,0,0,0,1,10
0,0,0,4,1,0,0,3,9,0,0,1,1,0,0,12
0,0,2,0,0,4,0,1,17,0,1,2,2,0,0,19
0,1,1,0,0,0,0,0,1,0,24,1,0,0,1,15
0,0,2,0,0,2,0,0,5,0,0,0,0,0,0,9
0,0,3,2,4,12,0,0,4,0,10,1,6,0,0,29
0,0,5,1,1,1,0,0,2,0,1,0,11,1,0,49
0,1,3,0,2,9,0,2,2,0,6,0,12,1,0,36
0,0,4,1,10,4,0,0,3,0,17,6,1,1,0,43
0,1,7,0,8,22,0,0,4,0,15,0,0,0,0,24
0,1,4,0,13,38,0,0,11,0,11,0,0,1,0,33
0,2,6,0,10,47,0,4,17,0,15,0,3,2,0,60
0,0,2,1,0,7,0,3,3,0,12,0,0,0,0,43
0,0,8,0,3,8,0,0,5,0,27,0,3,2,0,50
0,6,7,5,8,13,0,0,7,0,32,2,3,0,0,44
0,1,4,2,1,10,0,0,7,0,18,0,2,1,0,63
0,0,3,0,8,2,0,0,2,0,6,0,0,0,0,43
0,0,3,0,0,13,0,0,11,0,14,0,1,0,0,26
0,0,13,0,0,16,0,4,20,0,26,0,0,0,0,147
0,0,0,0,2,0,0,0,7,0,0,2,0,0,0,39
0,0,14,3,5,1,0,2,12,0,4,0,4,2,0,123
0,1,2,0,1,1,0,0,3,0,5,0,3,0,0,16
0,0,9,0,17,1,0,0,11,0,5,3,1,0,0,41
0,0,15,5,13,0,0,1,16,0,2,1,7,1,0,57
0,0,7,0,2,1,0,1,6,0,1,0,0,1,0,16
0,1,52,1,0,1,0,2,13,0,0,0,1,10,0,53
0,0,0,0,0,0,0,0,2,0,0,0,0,1,0,12
0,0,3,1,0,0,0,0,7,0,0,0,0,0,0,17
0,0,5,0,0,0,0,0,5,0,0,0,1,0,0,8
0,0,0,1,2,0,0,1,6,0,0,0,0,0,0,6
0,1,1,0,0,0,0,0,10,0,0,0,0,0,0,21
0,0,4,0,0,0,0,0,4,0,0,0,0,0,0,29
0,2,4,0,0,0,0,0,0,0,0,0,2,0,0,19
0,1,6,1,1,0,1,5,15,0,1,0,0,0,0,51
0,5,19,4,0,0,0,1,16,0,1,0,1,0,0,46
0,0,15,0,2,1,0,4,11,0,0,0,0,1,0,71
0,1,2,0,2,0,0,0,7,0,0,0,0,1,0,18
0,0,0,0,0,0,0,1,6,0,0,0,1,0,0,36
0,0,2,1,4,0,0,0,8,0,1,0,6,0,0,21
0,1,6,3,2,0,0,0,5,0,0,0,3,2,0,62
0,0,7,2,5,0,0,0,4,0,0,1,0,1,0,40
0,1,11,1,3,1,0,0,21,1,0,0,4,3,0,71
0,2,12,0,0,0,0,0,6,0,1,0,1,0,0,35
0,1,8,3,7,0,0,1,17,0,0,1,21,1,0,81
0,0,9,0,2,0,0,0,6,0,0,1,0,1,0,101
0,1,4,1,2,0,0,0,4,0,0,0,3,0,0,39
0,0,10,0,3,5,1,5,16,0,3,0,0,1,0,67
0,0,3,1,0,1,0,2,15,0,0,1,0,0,0,46
0,0,6,2,0,2,0,0,9,0,9,0,3,0,0,71
0,0,5,1,2,0,0,0,9,0,1,2,0,0,0,44
0,1,8,0,3,0,0,0,4,0,4,0,0,0,1,47
0,1,3,0,0,0,0,0,0,0,3,0,0,1,0,41
0,0,4,0,3,2,0,0,2,0,1,0,0,0,0,27
0,0,0,0,0,0,0,1,7,0,3,0,0,0,0,60
0,0,2,0,6,6,0,0,4,0,2,6,2,0,0,14
0,0,2,0,1,11,0,0,5,0,24,0,1,0,1,24
0,0,1,0,2,1,0,0,6,0,9,0,3,0,1,38
0,0,1,0,0,2,0,0,2,0,5,0,1,0,0,10
0,1,4,0,5,9,0,0,3,0,5,0,0,0,0,12
0,15,6,4,2,31,0,1,10,0,24,0,11,0,0,64
0,1,4,0,0,7,0,4,3,0,0,0,0,0,0,10
0,0,4,0,1,23,0,0,3,0,10,0,0,2,0,40
0,4,6,4,13,21,0,0,12,0,60,0,3,1,0,79
0,0,6,0,1,11,0,0,12,0,16,1,1,0,0,35
0,1,8,1,4,15,0,0,13,0,24,1,4,2,2,53
0,3,0,2,2,4,0,0,4,0,5,1,0,0,0,11
0,0,1,0,1,2,0,0,3,0,2,1,0,0,0,9
0,0,0,1,0,4,0,0,3,0,7,0,0,0,0,7
0,0,5,0,0,2,0,0,2,0,13,1,2,0,1,25
0,1,8,0,10,6,0,0,5,0,46,0,3,2,0,34
0,0,0,0,2,3,0,2,1,0,5,0,1,0,0,17
0,0,6,0,0,3,0,0,5,0,8,0,0,0,0,26
0,0,1,0,1,4,0,0,2,0,10,0,1,0,0,32
0,0,0,1,3,8,0,0,4,0,5,0,4,0,0,37
0,0,2,0,2,3,0,0,0,0,3,0,0,0,0,9
0,0,0,8,0,0,0,0,0,0,0,0,8,0,0,59
0,0,6,0,1,4,0,0,6,0,31,0,0,0,1,17
0,0,0,7,0,0,0,0,0,0,0,0,9,0,0,78
0,0,4,0,1,9,0,0,2,0,2,0,8,3,0,30
0,0,2,0,3,0,0,0,2,0,4,0,3,1,0,34
0,0,8,1,0,0,0,0,0,0,0,0,6,6,1,13
0,0,3,2,0,1,0,0,2,0,6,1,1,0,0,37
0,0,0,2,0,0,0,0,0,0,0,0,6,0,0,46
0,0,4,0,0,11,0,0,5,0,21,1,3,0,0,45
0,0,0,8,0,0,0,0,0,0,0,0,10,0,0,90
0,2,3,0,3,13,0,0,2,0,10,2,0,0,0,20
0,0,10,0,1,12,0,0,9,0,33,1,1,2,0,85
0,0,0,2,0,0,0,0,0,0,0,0,7,0,0,84
0,0,0,0,0,0,0,0,0,0,0,0,0,0,0,38
0,0,23,1,1,6,0,0,1,0,10,0,3,10,0,130
0,1,2,1,0,7,0,0,1,0,10,0,1,0,0,29
0,0,5,1,3,3,0,0,3,0,0,0,2,0,0,26
0,0,4,1,0,4,0,0,2,0,10,0,0,0,0,49
0,0,2,0,0,6,0,1,4,0,2,0,1,0,0,29
0,0,7,0,3,3,0,0,7,0,6,0,1,0,1,12
0,1,4,0,0,0,0,0,6,0,2,0,0,0,0,26
0,0,17,0,1,0,0,0,1,0,0,0,2,0,0,17
